Id,Company_contact_full_name,Company_name,Company_contact_email,Company_contact_phone_number,Building_project_name,Project_description,Department,Message,File_attached,Date_of_contact_request
,Barbabas ODulchonta,Brakus Inc,bodulchonta0@apache.org,396-509-6522,amet sem fusce,aliquam quis turpis eget elit sodales scelerisque mauris sit amet eros,Architecture,sapien cum sociis natoque penatibus et magnis dis parturient montes nascetur ridiculus mus etiam,In.ppt,04/09/2017
,Filippo Derks,"Mosciski, Kshlerin and West",fderks1@nytimes.com,707-518-5155,viverra pede ac diam cras,scelerisque mauris sit amet eros suspendisse accumsan tortor quis turpis sed ante vivamus tortor duis mattis egestas metus aenean,Marketing,augue vestibulum rutrum rutrum neque aenean auctor gravida sem praesent id massa id nisl venenatis lacinia aenean sit amet,NequeDuisBibendum.ppt,17/06/2018
,Si Busen,Hickle and Sons,sbusen2@hostgator.com,557-993-0959,non ligula pellentesque ultrices phasellus,sed sagittis nam congue risus semper porta volutpat quam pede,Architecture,augue vel accumsan tellus nisi eu orci mauris lacinia sapien quis libero nullam sit amet turpis,NamDui.ppt,04/12/2016
,Nefen Bickell,Marquardt LLC,nbickell3@bravesites.com,343-193-2475,morbi non lectus aliquam sit,enim blandit mi in porttitor pede justo eu massa donec dapibus duis at velit eu est,Architecture,erat fermentum justo nec condimentum neque sapien placerat ante nulla justo aliquam,BlanditMi.xls,12/01/2017
,Lusa Edgington,Baumbach-Ortiz,ledgington4@ovh.net,224-655-1372,tellus nulla ut erat,ipsum primis in faucibus orci luctus et ultrices posuere cubilia curae,Marketing,fermentum justo nec condimentum neque sapien placerat ante nulla justo aliquam quis turpis,ConsectetuerEget.xls,03/01/2018
,Catherine Nodes,"Powlowski, Rippin and Sporer",cnodes5@cyberchimps.com,275-638-7590,lacus morbi quis tortor id,tincidunt eu felis fusce posuere felis sed lacus morbi sem mauris laoreet ut rhoncus aliquet pulvinar sed nisl nunc,Web Design,mollis molestie lorem quisque ut erat curabitur gravida nisi at nibh in hac habitasse platea dictumst aliquam augue quam sollicitudin,TurpisDonecPosuere.ppt,03/12/2016
,Leoine Wrathmall,"Turner, Padberg and Rath",lwrathmall6@ucoz.ru,829-182-1904,diam vitae quam,sit amet nunc viverra dapibus nulla suscipit ligula in lacus curabitur at ipsum ac tellus semper interdum mauris ullamcorper,Web Design,vehicula condimentum curabitur in libero ut massa volutpat convallis morbi odio odio,PhasellusIdSapien.ppt,29/05/2018
,Arlette Sudworth,Dibbert-Schmeler,asudworth7@noaa.gov,254-828-8034,integer ac leo pellentesque,turpis enim blandit mi in porttitor pede justo eu massa donec dapibus duis at velit eu est congue elementum,Marketing,bibendum felis sed interdum venenatis turpis enim blandit mi in,SuspendisseOrnare.xls,27/04/2018
,Willdon Corbett,Daniel LLC,wcorbett8@twitpic.com,483-932-4211,integer tincidunt ante vel,felis fusce posuere felis sed lacus morbi sem mauris laoreet ut rhoncus aliquet pulvinar,Architecture,nisi vulputate nonummy maecenas tincidunt lacus at velit vivamus vel nulla eget eros elementum pellentesque quisque porta volutpat erat,Consectetuer.xls,12/11/2017
,Ibrahim Connop,Simonis-Boyer,iconnop9@discuz.net,605-280-0990,elementum ligula vehicula consequat,ultrices enim lorem ipsum dolor sit amet consectetuer adipiscing elit proin interdum mauris non ligula pellentesque ultrices phasellus id sapien,Web Design,ligula in lacus curabitur at ipsum ac tellus semper interdum mauris ullamcorper,LobortisEst.doc,24/01/2017
,Liv Pilsbury,Hermiston-Monahan,lpilsburya@berkeley.edu,505-880-1870,magna at,massa id lobortis convallis tortor risus dapibus augue vel accumsan tellus nisi eu orci mauris lacinia sapien quis libero nullam,Marketing,eget rutrum at lorem integer tincidunt ante vel ipsum praesent blandit lacinia erat vestibulum sed magna,PlaceratAnte.ppt,18/07/2018
,Fenelia Cisco,Howe-Kunze,fciscob@usda.gov,697-264-1265,vel sem sed sagittis,gravida nisi at nibh in hac habitasse platea dictumst aliquam augue quam sollicitudin vitae,Marketing,semper sapien a libero nam dui proin leo odio porttitor id consequat,Odio.doc,08/01/2018
,Alanson Nind,Waelchi and Sons,anindc@goo.gl,770-950-2941,commodo placerat praesent blandit nam,consequat in consequat ut nulla sed accumsan felis ut at dolor quis odio,Marketing,,UltricesErat.doc,09/07/2018
,Vivyanne Kincade,"Olson, Parisian and Keeling",vkincaded@over-blog.com,581-353-5354,lacus purus aliquet at feugiat,lectus in quam fringilla rhoncus mauris enim leo rhoncus sed vestibulum sit amet cursus,Architecture,ipsum primis in faucibus orci luctus et ultrices posuere cubilia curae mauris,UtUltrices.ppt,26/06/2017
,Stepha Comrie,Bergnaum-Moore,scomriee@microsoft.com,594-155-7370,in eleifend,ultrices erat tortor sollicitudin mi sit amet lobortis sapien sapien non mi integer ac neque duis bibendum morbi non,Web Design,morbi ut odio cras mi pede malesuada in imperdiet et commodo,NequeSapien.pdf,21/01/2017
,Bo Wait,"Haag, Murphy and Wiza",bwaitf@fastcompany.com,873-185-2918,nunc vestibulum ante,quisque arcu libero rutrum ac lobortis vel dapibus at diam,Marketing,,InConsequat.ppt,08/03/2018
,Teena Pepperill,"Dibbert, Pacocha and Mills",tpepperillg@army.mil,910-662-9349,ipsum primis in faucibus orci,eu sapien cursus vestibulum proin eu mi nulla ac enim in tempor turpis,Architecture,nullam orci pede venenatis non sodales sed tincidunt eu felis,Commodo.ppt,02/10/2018
,Billye Lesor,Heller-Grady,blesorh@tinypic.com,323-269-4703,pellentesque volutpat dui maecenas tristique,sit amet consectetuer adipiscing elit proin risus praesent lectus vestibulum quam sapien varius ut blandit,Architecture,aenean sit amet justo morbi ut odio cras mi pede malesuada,CrasInPurus.doc,04/05/2017
,Billie Adess,"Ryan, Wehner and Frami",badessi@vistaprint.com,795-710-8805,orci luctus,scelerisque quam turpis adipiscing lorem vitae mattis nibh ligula nec sem duis aliquam convallis nunc proin at turpis a,Marketing,,InHacHabitasse.pdf,20/07/2018
,Lorrayne Lloyd-Williams,Eichmann and Sons,llloydwilliamsj@over-blog.com,659-876-2376,augue vestibulum ante,vel augue vestibulum ante ipsum primis in faucibus orci luctus et ultrices,Architecture,nisi volutpat eleifend donec ut dolor morbi vel lectus in quam fringilla rhoncus mauris enim leo rhoncus sed vestibulum sit,UllamcorperPurus.xls,23/11/2016
,Olva Ivkovic,"Wiegand, Douglas and Lind",oivkovick@ucsd.edu,857-798-3670,sem sed sagittis,ipsum primis in faucibus orci luctus et ultrices posuere cubilia curae,Architecture,lectus suspendisse potenti in eleifend quam a odio in hac habitasse platea dictumst maecenas ut massa quis augue,TurpisEnim.xls,16/02/2017
,Travus Hinchon,Gerlach-Gleason,thinchonl@posterous.com,664-325-0133,accumsan felis,porttitor id consequat in consequat ut nulla sed accumsan felis ut at dolor quis odio consequat,Marketing,in blandit ultrices enim lorem ipsum dolor sit amet consectetuer adipiscing elit proin interdum mauris non,QuamSollicitudinVitae.pdf,05/03/2017
,Thorny Gricks,"Weimann, Schultz and Goldner",tgricksm@rediff.com,909-304-4279,duis at velit eu,luctus et ultrices posuere cubilia curae donec pharetra magna vestibulum aliquet ultrices erat tortor sollicitudin mi sit,Marketing,suscipit a feugiat et eros vestibulum ac est lacinia nisi venenatis,RhoncusAliquet.xls,08/04/2018
,Gris Hoggins,Koch-Von,ghogginsn@gmpg.org,363-389-9360,ac est,metus sapien ut nunc vestibulum ante ipsum primis in faucibus orci luctus,Marketing,luctus tincidunt nulla mollis molestie lorem quisque ut erat curabitur,VestibulumSagittisSapien.ppt,19/10/2017
,Becka Longbottom,Zulauf-Ortiz,blongbottomo@slideshare.net,742-395-7826,aliquam augue quam sollicitudin vitae,parturient montes nascetur ridiculus mus vivamus vestibulum sagittis sapien cum,Marketing,tempus vivamus in felis eu sapien cursus vestibulum proin eu mi nulla ac enim,NislUt.ppt,26/06/2018
,Bobby Marwood,"Keeling, Schaefer and Hirthe",bmarwoodp@github.io,301-403-2475,nonummy integer non,placerat praesent blandit nam nulla integer pede justo lacinia eget tincidunt eget tempus vel pede morbi porttitor lorem,Architecture,orci nullam molestie nibh in lectus pellentesque at nulla suspendisse potenti cras,MattisEgestas.xls,01/11/2017
,Gweneth Boyce,"Yundt, Hilll and Hermann",gboyceq@blogspot.com,969-795-0406,nulla sed vel enim sit,massa id nisl venenatis lacinia aenean sit amet justo morbi ut odio cras,Web Design,cubilia curae mauris viverra diam vitae quam suspendisse potenti nullam porttitor lacus,Mollis.ppt,10/01/2017
,Nerte Lanahan,Hane Inc,nlanahanr@nsw.gov.au,462-748-9576,sit amet eros,eleifend quam a odio in hac habitasse platea dictumst maecenas ut,Marketing,nunc vestibulum ante ipsum primis in faucibus orci luctus et ultrices,Ultrices.xls,31/08/2018
,Ginnie Kreber,Mosciski-Lebsack,gkrebers@elegantthemes.com,693-323-9851,dolor sit,nibh in hac habitasse platea dictumst aliquam augue quam sollicitudin vitae consectetuer eget rutrum at lorem integer tincidunt,Web Design,id mauris vulputate elementum nullam varius nulla facilisi cras non velit nec nisi vulputate nonummy maecenas tincidunt lacus at velit,EgestasMetusAenean.doc,06/10/2018
,Alexandre Besantie,Daugherty-Reilly,abesantiet@desdev.cn,596-640-1053,mi integer ac neque,sociis natoque penatibus et magnis dis parturient montes nascetur ridiculus mus,Architecture,nullam porttitor lacus at turpis donec posuere metus vitae ipsum aliquam non mauris morbi non lectus aliquam sit amet diam,Sollicitudin.ppt,16/09/2018
,Ema Gower,Braun Inc,egoweru@youtube.com,430-809-0334,odio elementum,pellentesque ultrices mattis odio donec vitae nisi nam ultrices libero non mattis pulvinar nulla pede ullamcorper,Marketing,,EuTinciduntIn.ppt,14/09/2018
,Levon Pietri,Jacobson Group,lpietriv@dyndns.org,126-587-6251,sem duis,montes nascetur ridiculus mus vivamus vestibulum sagittis sapien cum sociis natoque penatibus et magnis dis parturient montes,Web Design,,CongueElementum.ppt,03/09/2018
,Shir Kiss,Jerde and Sons,skissw@surveymonkey.com,780-404-5048,vel pede morbi,et ultrices posuere cubilia curae mauris viverra diam vitae quam suspendisse potenti nullam porttitor lacus at turpis donec posuere,Marketing,ligula suspendisse ornare consequat lectus in est risus auctor sed tristique in tempus sit amet sem fusce consequat,NisiEu.ppt,11/01/2018
,Ilka Wixey,"Kub, Cremin and Considine",iwixeyx@umich.edu,652-557-5276,mus vivamus vestibulum sagittis sapien,ligula in lacus curabitur at ipsum ac tellus semper interdum mauris ullamcorper purus sit amet nulla quisque arcu libero rutrum,Marketing,vitae nisi nam ultrices libero non mattis pulvinar nulla pede ullamcorper augue a suscipit,MusVivamusVestibulum.ppt,08/02/2018
,Terrill Whiffin,Sporer Inc,twhiffiny@unblog.fr,377-468-5924,id nulla ultrices aliquet,penatibus et magnis dis parturient montes nascetur ridiculus mus etiam vel augue,Marketing,luctus et ultrices posuere cubilia curae duis faucibus accumsan odio curabitur convallis duis consequat dui nec nisi volutpat,Massa.xls,10/05/2017
,May Bellingham,Koepp LLC,mbellinghamz@vistaprint.com,846-132-5200,donec odio justo,ligula nec sem duis aliquam convallis nunc proin at turpis a pede posuere nonummy integer non velit donec diam,Web Design,donec ut dolor morbi vel lectus in quam fringilla rhoncus mauris enim leo rhoncus sed,MorbiNon.xls,06/10/2017
,Glyn Benner,Purdy-Runolfsson,gbenner10@shop-pro.jp,276-891-8340,ut volutpat sapien,at dolor quis odio consequat varius integer ac leo pellentesque ultrices mattis odio donec vitae,Web Design,,EgetCongue.ppt,15/06/2017
,Boothe Whittlesey,Aufderhar-Murphy,bwhittlesey11@google.com,335-597-4154,iaculis justo in hac,penatibus et magnis dis parturient montes nascetur ridiculus mus etiam vel augue vestibulum rutrum rutrum neque aenean auctor,Architecture,ornare imperdiet sapien urna pretium nisl ut volutpat sapien arcu,TortorSollicitudin.ppt,20/10/2017
,Adara Rough,Lehner and Sons,arough12@csmonitor.com,554-442-0504,sem duis aliquam convallis nunc,erat volutpat in congue etiam justo etiam pretium iaculis justo in hac habitasse platea,Architecture,morbi a ipsum integer a nibh in quis justo maecenas rhoncus aliquam,PhasellusIn.ppt,19/11/2016
,Hogan Tweedlie,Harvey-Breitenberg,htweedlie13@hugedomains.com,764-875-9002,iaculis diam erat fermentum justo,lobortis ligula sit amet eleifend pede libero quis orci nullam molestie nibh in lectus pellentesque at nulla suspendisse potenti cras,Architecture,aenean sit amet justo morbi ut odio cras mi pede,Purus.ppt,17/05/2017
,Camile Steart,Gislason-Runolfsdottir,csteart14@weibo.com,709-437-2874,vulputate elementum nullam varius nulla,justo in blandit ultrices enim lorem ipsum dolor sit amet consectetuer,Marketing,,UltricesLibero.doc,13/06/2017
,Korella Mulleary,"Morar, Mills and Nitzsche",kmulleary15@ox.ac.uk,779-977-0247,ut at dolor quis,potenti nullam porttitor lacus at turpis donec posuere metus vitae ipsum aliquam non mauris morbi,Architecture,imperdiet et commodo vulputate justo in blandit ultrices enim lorem ipsum dolor sit amet consectetuer adipiscing elit proin interdum mauris,EgetTinciduntEget.xls,01/10/2018
,Codi Leal,Macejkovic-Hirthe,cleal16@aboutads.info,343-921-8044,nunc viverra dapibus nulla,congue vivamus metus arcu adipiscing molestie hendrerit at vulputate vitae nisl aenean,Marketing,,Turpis.xls,22/01/2018
,Corbie Comberbach,Russel-Gislason,ccomberbach17@eepurl.com,542-725-4074,morbi ut,fusce posuere felis sed lacus morbi sem mauris laoreet ut rhoncus aliquet pulvinar sed,Architecture,nisi volutpat eleifend donec ut dolor morbi vel lectus in quam fringilla rhoncus mauris enim leo rhoncus sed vestibulum sit,TellusIn.xls,20/01/2018
,Caressa Schwaiger,Lesch Group,cschwaiger18@census.gov,279-623-2066,blandit non interdum in ante,lobortis convallis tortor risus dapibus augue vel accumsan tellus nisi eu orci mauris lacinia sapien,Marketing,,ConsequatLectus.xls,08/10/2018
,Dynah Ifill,Kulas-Simonis,difill19@deliciousdays.com,868-561-8036,nibh in hac,metus arcu adipiscing molestie hendrerit at vulputate vitae nisl aenean,Marketing,suspendisse accumsan tortor quis turpis sed ante vivamus tortor duis mattis,PedeLobortisLigula.doc,19/05/2017
,Danna Fryatt,Mueller LLC,dfryatt1a@dion.ne.jp,783-306-8580,nibh in,tincidunt ante vel ipsum praesent blandit lacinia erat vestibulum sed magna at nunc commodo placerat praesent,Web Design,varius nulla facilisi cras non velit nec nisi vulputate nonummy maecenas tincidunt lacus at velit vivamus vel nulla eget,Sit.xls,15/06/2017
,Ertha MacEvilly,Hayes LLC,emacevilly1b@fema.gov,164-940-9844,porta volutpat quam,ultrices mattis odio donec vitae nisi nam ultrices libero non mattis pulvinar nulla pede ullamcorper augue a,Web Design,eros elementum pellentesque quisque porta volutpat erat quisque erat eros viverra eget congue eget semper rutrum nulla,Gravida.xls,20/07/2018
,Cynde Sulley,Kuhn LLC,csulley1c@icq.com,556-391-4468,luctus et ultrices posuere,luctus ultricies eu nibh quisque id justo sit amet sapien dignissim,Marketing,quis augue luctus tincidunt nulla mollis molestie lorem quisque ut erat curabitur gravida nisi at nibh in hac habitasse platea,Vestibulum.xls,25/05/2017
,Jenny Alesbrook,Wehner Group,jalesbrook1d@soup.io,402-176-9059,praesent blandit,vestibulum ante ipsum primis in faucibus orci luctus et ultrices posuere cubilia curae mauris viverra diam vitae quam,Marketing,vel ipsum praesent blandit lacinia erat vestibulum sed magna at nunc,TurpisDonec.xls,17/01/2018
,Nyssa Muino,Zboncak-Johns,nmuino1e@wired.com,832-323-6922,praesent lectus,lacinia nisi venenatis tristique fusce congue diam id ornare imperdiet sapien urna,Web Design,platea dictumst etiam faucibus cursus urna ut tellus nulla ut erat id,Sapien.ppt,19/04/2017
,Dawn Gisbey,Strosin-Gutmann,dgisbey1f@forbes.com,229-241-5671,amet cursus,luctus et ultrices posuere cubilia curae mauris viverra diam vitae quam suspendisse potenti nullam porttitor lacus,Web Design,ut nunc vestibulum ante ipsum primis in faucibus orci luctus et ultrices posuere cubilia curae mauris viverra,TortorRisus.pdf,13/09/2018
,Wilone Jewitt,Kuvalis-Nicolas,wjewitt1g@yolasite.com,591-613-8035,quam sollicitudin vitae consectetuer,cras pellentesque volutpat dui maecenas tristique est et tempus semper est quam pharetra magna ac consequat metus sapien ut nunc,Web Design,,NullaPede.ppt,11/06/2017
,Geri Gaynes,Connelly and Sons,ggaynes1h@va.gov,955-523-0023,dapibus dolor vel,nunc nisl duis bibendum felis sed interdum venenatis turpis enim blandit mi in,Marketing,enim leo rhoncus sed vestibulum sit amet cursus id turpis,CurabiturIn.ppt,04/06/2017
,Desiri Merricks,Medhurst-Stiedemann,dmerricks1i@springer.com,719-394-3637,luctus ultricies eu,erat fermentum justo nec condimentum neque sapien placerat ante nulla justo aliquam,Marketing,elit proin risus praesent lectus vestibulum quam sapien varius ut blandit non interdum in,Faucibus.xls,29/03/2017
,Pace McWaters,"Grady, Dooley and Turner",pmcwaters1j@etsy.com,580-327-3661,turpis donec posuere,suscipit nulla elit ac nulla sed vel enim sit amet nunc viverra dapibus nulla suscipit ligula in lacus curabitur at,Web Design,eget vulputate ut ultrices vel augue vestibulum ante ipsum primis in faucibus orci luctus et,JustoInHac.ppt,14/06/2018
,Garek Tapin,Quitzon Group,gtapin1k@twitpic.com,904-713-6412,cum sociis natoque penatibus,diam erat fermentum justo nec condimentum neque sapien placerat ante nulla justo aliquam,Web Design,faucibus orci luctus et ultrices posuere cubilia curae donec pharetra magna vestibulum aliquet ultrices erat,Tortor.ppt,04/01/2017
,Bat Dedden,"Doyle, Orn and Langosh",bdedden1l@blogspot.com,965-953-9635,neque duis bibendum morbi,quis justo maecenas rhoncus aliquam lacus morbi quis tortor id nulla ultrices aliquet maecenas leo odio condimentum id luctus nec,Marketing,,MetusVitaeIpsum.ppt,14/12/2017
,Engracia Rogers,Schmeler Group,erogers1m@goodreads.com,635-400-8400,sit amet erat nulla tempus,est et tempus semper est quam pharetra magna ac consequat metus sapien ut nunc vestibulum,Marketing,,Eleifend.xls,12/07/2018
,Jonell Sherrock,Weimann LLC,jsherrock1n@ow.ly,904-485-4031,eget eros,erat quisque erat eros viverra eget congue eget semper rutrum nulla nunc purus phasellus in felis donec semper sapien a,Web Design,elit proin interdum mauris non ligula pellentesque ultrices phasellus id sapien in sapien iaculis congue vivamus,VehiculaConsequatMorbi.xls,23/12/2017
,Duane Bollum,Terry-Emard,dbollum1o@businessweek.com,908-983-7796,sapien placerat ante,sed ante vivamus tortor duis mattis egestas metus aenean fermentum donec ut mauris eget massa tempor convallis nulla neque libero,Marketing,,Erat.xls,21/08/2018
,Consolata Humbles,Ritchie-Will,chumbles1p@typepad.com,278-505-2803,semper rutrum nulla nunc,faucibus accumsan odio curabitur convallis duis consequat dui nec nisi volutpat eleifend donec ut,Web Design,erat curabitur gravida nisi at nibh in hac habitasse platea dictumst aliquam augue quam sollicitudin vitae consectetuer eget,VulputateLuctusCum.xls,13/04/2017
,Dimitri Colenutt,Lehner Inc,dcolenutt1q@youku.com,589-649-5404,elementum eu interdum eu,adipiscing elit proin risus praesent lectus vestibulum quam sapien varius ut blandit non,Web Design,magnis dis parturient montes nascetur ridiculus mus etiam vel augue vestibulum rutrum rutrum neque aenean auctor gravida sem praesent id,InterdumMaurisNon.ppt,13/07/2017
,Ula Thirwell,Dickinson Inc,uthirwell1r@ustream.tv,129-801-5094,lacus curabitur at,pede morbi porttitor lorem id ligula suspendisse ornare consequat lectus in est risus auctor sed tristique in,Marketing,,Odio.xls,06/06/2018
,Jaquelyn Rosendahl,Beatty-Barton,jrosendahl1s@github.io,730-788-3548,primis in faucibus orci,mi sit amet lobortis sapien sapien non mi integer ac neque duis bibendum morbi non quam nec,Marketing,,PurusPhasellus.ppt,05/12/2017
,Nahum Chattoe,Olson Group,nchattoe1t@lycos.com,357-515-2914,fusce consequat nulla nisl,vestibulum sit amet cursus id turpis integer aliquet massa id lobortis convallis tortor risus dapibus augue vel accumsan tellus nisi,Web Design,,Nam.xls,17/01/2017
,Corabelle Petrashkov,Abbott LLC,cpetrashkov1u@creativecommons.org,651-714-1636,magna ac,sodales scelerisque mauris sit amet eros suspendisse accumsan tortor quis,Web Design,,InterdumMauris.xls,08/10/2018
,Orelle Ranscombe,"MacGyver, Gutkowski and Hegmann",oranscombe1v@example.com,971-629-1005,pede morbi,ante ipsum primis in faucibus orci luctus et ultrices posuere cubilia curae duis,Architecture,a libero nam dui proin leo odio porttitor id consequat in consequat ut nulla,PlateaDictumstMorbi.ppt,06/09/2017
,Ulrikaumeko Count,Gibson Group,ucount1w@indiegogo.com,861-270-3664,ultrices erat,a suscipit nulla elit ac nulla sed vel enim sit amet,Web Design,odio odio elementum eu interdum eu tincidunt in leo maecenas pulvinar lobortis est phasellus sit amet erat nulla tempus,VelAugueVestibulum.ppt,30/08/2017
,Allyn Giamitti,"Fritsch, Heathcote and Bode",agiamitti1x@dyndns.org,134-487-2895,justo pellentesque viverra pede,est risus auctor sed tristique in tempus sit amet sem fusce,Architecture,,DiamCrasPellentesque.xls,09/11/2016
,Rafaela Piscopo,Mitchell-Considine,rpiscopo1y@wsj.com,702-861-5212,commodo vulputate justo in,commodo vulputate justo in blandit ultrices enim lorem ipsum dolor sit amet consectetuer adipiscing elit proin,Web Design,in quis justo maecenas rhoncus aliquam lacus morbi quis tortor id nulla ultrices,Platea.xls,28/09/2018
,Claudie Pawellek,"Hodkiewicz, Bernier and Berge",cpawellek1z@google.ru,637-756-1486,metus aenean,enim blandit mi in porttitor pede justo eu massa donec dapibus duis at velit eu est congue elementum in hac,Marketing,metus aenean fermentum donec ut mauris eget massa tempor convallis nulla neque libero convallis eget eleifend luctus ultricies eu nibh,Leo.xls,29/05/2018
,Dunn Lurcock,"Huels, Cormier and Stanton",dlurcock20@google.ru,277-439-1611,tincidunt nulla mollis,luctus et ultrices posuere cubilia curae duis faucibus accumsan odio curabitur convallis,Marketing,,FusceLacusPurus.xls,26/08/2018
,Noelani Yakob,Larson-Pacocha,nyakob21@indiegogo.com,116-201-4450,amet cursus id turpis integer,ac est lacinia nisi venenatis tristique fusce congue diam id,Web Design,elit proin interdum mauris non ligula pellentesque ultrices phasellus id sapien in,Nullam.xls,05/05/2017
,Pedro Thomassin,"Buckridge, Runolfsson and Turner",pthomassin22@smh.com.au,859-350-9644,rutrum at lorem integer tincidunt,sed sagittis nam congue risus semper porta volutpat quam pede lobortis ligula sit amet eleifend pede libero quis,Web Design,,IpsumInteger.ppt,07/08/2017
,Bay Scotchmor,Price-McClure,bscotchmor23@a8.net,800-463-3860,convallis tortor,platea dictumst morbi vestibulum velit id pretium iaculis diam erat fermentum justo nec condimentum neque sapien placerat,Marketing,convallis tortor risus dapibus augue vel accumsan tellus nisi eu,NonVelitNec.ppt,19/04/2017
,Astra McAughtry,Hermann-Gusikowski,amcaughtry24@creativecommons.org,668-128-5825,vel pede morbi porttitor lorem,ultrices aliquet maecenas leo odio condimentum id luctus nec molestie sed justo pellentesque,Architecture,,SedAccumsanFelis.ppt,25/03/2017
,Cyrillus Sammon,Bashirian-Tromp,csammon25@storify.com,134-886-2851,quam turpis adipiscing,nunc viverra dapibus nulla suscipit ligula in lacus curabitur at ipsum ac tellus,Marketing,ullamcorper augue a suscipit nulla elit ac nulla sed vel enim sit amet nunc viverra,Sollicitudin.pdf,16/01/2018
,Tuesday Dayce,Abernathy and Sons,tdayce26@netscape.com,430-549-7775,et commodo vulputate,vivamus metus arcu adipiscing molestie hendrerit at vulputate vitae nisl aenean lectus pellentesque eget nunc donec quis orci eget orci,Web Design,turpis eget elit sodales scelerisque mauris sit amet eros suspendisse accumsan tortor quis turpis sed,Eros.ppt,07/01/2017
,Clem Hrishanok,Kris LLC,chrishanok27@tinypic.com,176-317-6119,at dolor quis odio,non velit nec nisi vulputate nonummy maecenas tincidunt lacus at velit vivamus vel nulla eget eros elementum pellentesque quisque,Marketing,etiam pretium iaculis justo in hac habitasse platea dictumst etiam faucibus cursus urna ut tellus nulla ut erat id,PosuereFelis.xls,20/01/2018
,Lev Duncombe,"Schumm, DAmore and Wyman",lduncombe28@exblog.jp,843-574-6569,sollicitudin mi sit,aenean fermentum donec ut mauris eget massa tempor convallis nulla neque libero convallis,Web Design,vivamus in felis eu sapien cursus vestibulum proin eu mi nulla ac enim in tempor turpis nec euismod scelerisque,Ante.ppt,24/02/2017
,Bernardo Gannicott,Wilderman-Upton,bgannicott29@oakley.com,891-928-0187,orci luctus et ultrices posuere,erat quisque erat eros viverra eget congue eget semper rutrum nulla nunc purus,Web Design,molestie sed justo pellentesque viverra pede ac diam cras pellentesque volutpat dui maecenas tristique est et tempus semper est quam,NullaJustoAliquam.xls,22/05/2018
,Dolores Konrad,"Hermiston, Herzog and White",dkonrad2a@techcrunch.com,402-852-8990,at feugiat non pretium,congue eget semper rutrum nulla nunc purus phasellus in felis donec semper sapien a libero nam dui,Web Design,pharetra magna vestibulum aliquet ultrices erat tortor sollicitudin mi sit amet,OrciLuctusEt.xls,21/05/2017
,Benedicta Button,Berge Inc,bbutton2b@cam.ac.uk,680-256-4658,sodales scelerisque,sollicitudin mi sit amet lobortis sapien sapien non mi integer ac,Architecture,nec dui luctus rutrum nulla tellus in sagittis dui vel nisl duis ac nibh fusce lacus,AtVelit.ppt,12/07/2018
,Yule Wolfenden,Mayer LLC,ywolfenden2c@un.org,749-250-4295,consequat dui nec nisi,porttitor lorem id ligula suspendisse ornare consequat lectus in est risus auctor sed tristique,Architecture,,MalesuadaInImperdiet.xls,13/05/2018
,Gherardo Capozzi,"Lueilwitz, Herman and Sauer",gcapozzi2d@mozilla.org,169-295-9377,eget semper rutrum nulla,sed magna at nunc commodo placerat praesent blandit nam nulla integer pede,Architecture,sed sagittis nam congue risus semper porta volutpat quam pede lobortis ligula sit amet eleifend pede libero quis orci nullam,Quisque.ppt,04/08/2017
,Mateo Ubach,Kuvalis-Hammes,mubach2e@npr.org,674-709-1592,at velit vivamus,rutrum nulla nunc purus phasellus in felis donec semper sapien a libero nam dui proin leo,Marketing,,IpsumAcTellus.ppt,03/02/2017
,Antonie Pietzker,"Kreiger, Gislason and Greenfelder",apietzker2f@google.es,186-538-9130,amet cursus id turpis,venenatis turpis enim blandit mi in porttitor pede justo eu massa donec dapibus duis at velit,Marketing,vestibulum rutrum rutrum neque aenean auctor gravida sem praesent id massa id nisl,BibendumFelis.ppt,05/06/2018
,Carlye Bielby,Ledner-Moen,cbielby2g@twitpic.com,554-220-2028,morbi vestibulum velit id,lorem id ligula suspendisse ornare consequat lectus in est risus auctor sed tristique in tempus,Architecture,convallis tortor risus dapibus augue vel accumsan tellus nisi eu orci mauris lacinia sapien,In.xls,02/01/2018
,Meghann Cahey,"Cormier, Smitham and Brakus",mcahey2h@bandcamp.com,502-485-3486,ut mauris eget,suspendisse potenti nullam porttitor lacus at turpis donec posuere metus vitae ipsum aliquam non mauris morbi non,Web Design,,Felis.xls,01/07/2018
,Cherey Adao,Mitchell-Pagac,cadao2i@mit.edu,515-921-1598,eu magna vulputate luctus cum,felis ut at dolor quis odio consequat varius integer ac leo pellentesque ultrices,Architecture,eget eleifend luctus ultricies eu nibh quisque id justo sit amet sapien dignissim vestibulum vestibulum ante ipsum primis in,ConvallisNulla.xls,16/07/2018
,Mina Hindes,Lehner-Marvin,mhindes2j@narod.ru,348-678-4241,pede morbi porttitor,montes nascetur ridiculus mus vivamus vestibulum sagittis sapien cum sociis natoque,Marketing,ante nulla justo aliquam quis turpis eget elit sodales scelerisque mauris,SedInterdum.xls,11/12/2016
,Paloma Cuningham,Gislason-Lebsack,pcuningham2k@github.io,677-891-8152,pede venenatis,in lectus pellentesque at nulla suspendisse potenti cras in purus eu magna,Architecture,vel ipsum praesent blandit lacinia erat vestibulum sed magna at nunc commodo,ALiberoNam.ppt,17/04/2017
,Constantina Tripony,"Heathcote, Romaguera and Balistreri",ctripony2l@ucoz.com,371-746-7730,dapibus nulla suscipit ligula,vivamus tortor duis mattis egestas metus aenean fermentum donec ut mauris eget massa tempor convallis nulla neque libero convallis,Web Design,proin eu mi nulla ac enim in tempor turpis nec,SuscipitA.ppt,13/04/2018
,Rani Verrill,"Klocko, Balistreri and Schaefer",rverrill2m@pen.io,718-453-7838,tortor quis turpis sed ante,felis sed interdum venenatis turpis enim blandit mi in porttitor pede justo eu massa donec,Marketing,ut rhoncus aliquet pulvinar sed nisl nunc rhoncus dui vel sem sed sagittis,Proin.xls,25/12/2017
,Davin Pilmore,McLaughlin-Cummings,dpilmore2n@alibaba.com,210-667-5305,mattis nibh ligula nec sem,bibendum morbi non quam nec dui luctus rutrum nulla tellus in sagittis dui vel nisl duis,Marketing,ipsum primis in faucibus orci luctus et ultrices posuere cubilia curae mauris viverra diam vitae quam,InConsequatUt.pdf,26/10/2016
,Cris Plumstead,"Dooley, Mitchell and Parker",cplumstead2o@purevolume.com,391-382-5482,vestibulum ante ipsum,felis sed lacus morbi sem mauris laoreet ut rhoncus aliquet pulvinar sed nisl nunc rhoncus dui vel sem sed,Web Design,pellentesque ultrices phasellus id sapien in sapien iaculis congue vivamus metus arcu adipiscing molestie hendrerit at,Bibendum.ppt,18/11/2016
,Nathalie Kestell,Braun-Kovacek,nkestell2p@sohu.com,580-375-7551,leo odio porttitor id,gravida sem praesent id massa id nisl venenatis lacinia aenean sit amet justo morbi ut odio cras mi pede malesuada,Marketing,consectetuer adipiscing elit proin interdum mauris non ligula pellentesque ultrices,VelNulla.xls,04/06/2018
,Hilary Rawet,Grimes-Schneider,hrawet2q@alexa.com,608-983-0045,luctus ultricies eu nibh,nulla nunc purus phasellus in felis donec semper sapien a libero nam dui proin leo odio porttitor id consequat,Marketing,libero nam dui proin leo odio porttitor id consequat in consequat ut nulla sed accumsan felis ut at dolor quis,Et.doc,24/09/2018
,Pepi McClements,"Parker, Bradtke and Franecki",pmcclements2r@skype.com,228-382-8339,libero ut massa volutpat,nisl nunc rhoncus dui vel sem sed sagittis nam congue risus semper porta volutpat quam pede lobortis ligula sit,Web Design,eleifend quam a odio in hac habitasse platea dictumst maecenas,Eget.pdf,25/08/2018
,August Kornyshev,Walsh Inc,akornyshev2s@ucoz.com,323-841-1384,duis aliquam convallis nunc proin,et tempus semper est quam pharetra magna ac consequat metus sapien,Marketing,,Arcu.ppt,08/06/2018
,Lorry Clemonts,"Bode, Larson and Steuber",lclemonts2t@army.mil,236-120-2671,phasellus in felis donec semper,mauris viverra diam vitae quam suspendisse potenti nullam porttitor lacus at,Web Design,quisque erat eros viverra eget congue eget semper rutrum nulla nunc purus,JustoAliquam.ppt,10/01/2017
,Fifine Cholerton,Deckow-Marquardt,fcholerton2u@yelp.com,606-668-6835,ultrices aliquet,phasellus id sapien in sapien iaculis congue vivamus metus arcu adipiscing molestie,Marketing,ridiculus mus etiam vel augue vestibulum rutrum rutrum neque aenean auctor,Ac.ppt,22/12/2017
,Bertie Hurtado,Lakin-Jerde,bhurtado2v@hatena.ne.jp,882-555-8678,proin at turpis,vulputate ut ultrices vel augue vestibulum ante ipsum primis in faucibus orci luctus et ultrices posuere,Architecture,,EgetElitSodales.xls,24/06/2018
,Wilhelmina Book,Gibson-Orn,wbook2w@rediff.com,774-348-9405,pretium iaculis justo in hac,etiam vel augue vestibulum rutrum rutrum neque aenean auctor gravida sem praesent id massa id nisl venenatis lacinia aenean sit,Architecture,,EtUltrices.xls,03/06/2017
,Raimund Doick,Hodkiewicz LLC,rdoick2x@cafepress.com,705-926-6040,enim leo rhoncus sed vestibulum,cubilia curae duis faucibus accumsan odio curabitur convallis duis consequat dui nec nisi volutpat,Marketing,,Pede.xls,16/06/2018
,Prince Wing,Hickle and Sons,pwing2y@naver.com,266-881-2892,aenean auctor,integer ac neque duis bibendum morbi non quam nec dui luctus rutrum nulla tellus in,Web Design,morbi a ipsum integer a nibh in quis justo maecenas rhoncus aliquam lacus,Id.ppt,17/12/2017
,Lutero Feighry,"Abshire, Farrell and Nienow",lfeighry2z@privacy.gov.au,675-494-0184,vestibulum quam sapien varius ut,ut odio cras mi pede malesuada in imperdiet et commodo,Architecture,turpis integer aliquet massa id lobortis convallis tortor risus dapibus augue vel accumsan,NequeLiberoConvallis.ppt,08/06/2018
,Marcellus Klesse,Hamill-King,mklesse30@g.co,520-881-1906,potenti cras in purus,ut erat id mauris vulputate elementum nullam varius nulla facilisi cras non velit nec nisi,Marketing,,AliquamSit.xls,23/05/2018
,Kalle Hodge,MacGyver-Tillman,khodge31@addtoany.com,463-883-1636,egestas metus aenean fermentum donec,nunc rhoncus dui vel sem sed sagittis nam congue risus semper porta volutpat quam pede lobortis ligula sit amet,Marketing,dolor vel est donec odio justo sollicitudin ut suscipit a feugiat et eros vestibulum ac,Felis.ppt,09/04/2017
,Rafaellle Dowyer,Stehr-Sanford,rdowyer32@tamu.edu,619-905-5105,hac habitasse platea dictumst,nulla neque libero convallis eget eleifend luctus ultricies eu nibh quisque id justo sit,Marketing,,Laoreet.xls,02/06/2017
,Honoria Atwood,Kreiger-Hand,hatwood33@ow.ly,192-525-1753,nisi nam ultrices,suspendisse potenti cras in purus eu magna vulputate luctus cum sociis natoque penatibus et magnis,Web Design,felis ut at dolor quis odio consequat varius integer ac,TemporConvallisNulla.doc,16/10/2016
,Garrard Lockhart,Fritsch Inc,glockhart34@cbslocal.com,703-987-8283,suscipit ligula in,justo eu massa donec dapibus duis at velit eu est congue elementum in hac habitasse,Web Design,,Vitae.ppt,10/03/2018
,Gwenora Brigden,"Schultz, Mueller and Heaney",gbrigden35@so-net.ne.jp,536-503-0089,nec nisi volutpat eleifend donec,morbi odio odio elementum eu interdum eu tincidunt in leo maecenas pulvinar lobortis,Architecture,vitae quam suspendisse potenti nullam porttitor lacus at turpis donec posuere metus vitae ipsum,ElementumEuInterdum.xls,16/10/2016
,Terrel Huddart,Feil-Keeling,thuddart36@homestead.com,113-607-6827,tempus vivamus in felis,primis in faucibus orci luctus et ultrices posuere cubilia curae donec pharetra,Marketing,molestie sed justo pellentesque viverra pede ac diam cras pellentesque volutpat dui maecenas tristique est et tempus semper est quam,EstCongue.ppt,05/04/2017
,Frayda Martugin,Trantow Inc,fmartugin37@google.com.au,554-182-0447,tempor turpis nec euismod,sed lacus morbi sem mauris laoreet ut rhoncus aliquet pulvinar sed nisl nunc rhoncus dui vel sem,Web Design,non quam nec dui luctus rutrum nulla tellus in sagittis,SuspendissePotentiNullam.ppt,16/07/2018
,Benjamin Diego,Huels-Terry,bdiego38@miitbeian.gov.cn,398-845-5187,porttitor lorem id ligula,lobortis ligula sit amet eleifend pede libero quis orci nullam molestie nibh in lectus pellentesque at nulla suspendisse potenti,Web Design,,PosuereCubiliaCurae.xls,01/05/2017
,Teddy Matias,Marquardt-Williamson,tmatias39@vkontakte.ru,917-340-2138,morbi ut odio cras mi,sit amet eleifend pede libero quis orci nullam molestie nibh in lectus,Architecture,nullam sit amet turpis elementum ligula vehicula consequat morbi a ipsum integer a nibh in quis justo maecenas rhoncus,NamUltricesLibero.doc,19/03/2018
,Cara Treharne,"Collins, Beier and Bartell",ctreharne3a@columbia.edu,817-551-8503,lectus pellentesque at,ac tellus semper interdum mauris ullamcorper purus sit amet nulla,Web Design,sapien cursus vestibulum proin eu mi nulla ac enim in tempor turpis nec euismod scelerisque quam turpis adipiscing,EgetCongueEget.pdf,11/12/2016
,Rachele Copelli,Walter Inc,rcopelli3b@google.cn,884-780-8400,lacus at velit,metus aenean fermentum donec ut mauris eget massa tempor convallis nulla neque libero convallis,Web Design,justo in hac habitasse platea dictumst etiam faucibus cursus urna,LiberoRutrum.ppt,19/08/2017
,Mortie Le land,Fisher-Conroy,mle3c@booking.com,145-718-7285,orci eget orci vehicula condimentum,pede posuere nonummy integer non velit donec diam neque vestibulum eget vulputate ut ultrices vel augue vestibulum,Web Design,duis aliquam convallis nunc proin at turpis a pede posuere nonummy integer,Enim.pdf,22/05/2018
,Boigie Longshaw,Cormier-Abshire,blongshaw3d@ycombinator.com,454-499-1225,at turpis donec posuere,in magna bibendum imperdiet nullam orci pede venenatis non sodales sed tincidunt eu felis fusce posuere felis sed lacus morbi,Architecture,,Augue.xls,12/03/2017
,Merrel Menat,Conn Group,mmenat3e@arstechnica.com,815-571-7986,neque libero convallis eget,quam pharetra magna ac consequat metus sapien ut nunc vestibulum ante ipsum primis in faucibus orci,Marketing,,OrciNullam.pdf,17/07/2018
,Fanya Dikle,Weissnat-Hodkiewicz,fdikle3f@virginia.edu,410-208-7720,vivamus vel nulla eget,non pretium quis lectus suspendisse potenti in eleifend quam a odio in hac habitasse platea dictumst,Marketing,sit amet erat nulla tempus vivamus in felis eu sapien cursus vestibulum proin eu mi nulla ac enim,UllamcorperAugueA.xls,21/04/2018
,Ebba Joice,Balistreri-Lynch,ejoice3g@vimeo.com,811-492-2094,aliquam lacus morbi,erat vestibulum sed magna at nunc commodo placerat praesent blandit nam nulla integer pede justo lacinia eget,Marketing,adipiscing elit proin interdum mauris non ligula pellentesque ultrices phasellus id sapien,LuctusEtUltrices.ppt,03/09/2018
,Marne Pacheco,"Witting, Wyman and Bernhard",mpacheco3h@wordpress.org,931-109-3661,ac leo pellentesque ultrices mattis,sagittis dui vel nisl duis ac nibh fusce lacus purus aliquet at feugiat non pretium,Architecture,tortor sollicitudin mi sit amet lobortis sapien sapien non mi integer,LigulaVehiculaConsequat.ppt,09/04/2018
,Waverley Foldes,Windler and Sons,wfoldes3i@pinterest.com,242-250-2414,ut suscipit a,proin at turpis a pede posuere nonummy integer non velit donec diam neque vestibulum eget vulputate ut ultrices vel,Architecture,sit amet turpis elementum ligula vehicula consequat morbi a ipsum integer a nibh in quis,FeugiatEtEros.ppt,27/04/2018
,Archibold Miroy,Powlowski-Kuhic,amiroy3j@time.com,745-570-6491,velit nec nisi vulputate nonummy,pellentesque ultrices phasellus id sapien in sapien iaculis congue vivamus metus arcu adipiscing molestie hendrerit at vulputate vitae nisl,Marketing,primis in faucibus orci luctus et ultrices posuere cubilia curae mauris viverra diam vitae quam suspendisse potenti nullam,JustoMaecenasRhoncus.pdf,03/01/2017
,Brnaby Keig,"Lowe, Zulauf and Ortiz",bkeig3k@theglobeandmail.com,639-150-6775,in faucibus orci luctus et,praesent blandit nam nulla integer pede justo lacinia eget tincidunt eget,Web Design,integer ac neque duis bibendum morbi non quam nec dui luctus rutrum nulla tellus in sagittis dui vel,Cras.xls,18/02/2018
,Laughton Yeliashev,"Rath, Cummings and Klocko",lyeliashev3l@wsj.com,600-121-9889,eu mi nulla ac enim,vestibulum velit id pretium iaculis diam erat fermentum justo nec,Web Design,commodo vulputate justo in blandit ultrices enim lorem ipsum dolor sit amet,InSapien.ppt,28/04/2018
,Cari Gorringe,"Bosco, Konopelski and Renner",cgorringe3m@telegraph.co.uk,176-186-5256,fringilla rhoncus mauris,vestibulum ac est lacinia nisi venenatis tristique fusce congue diam id,Architecture,nullam varius nulla facilisi cras non velit nec nisi vulputate nonummy maecenas tincidunt lacus,FelisDonec.ppt,01/04/2018
,Shelby Frandsen,Skiles-Witting,sfrandsen3n@quantcast.com,795-134-4827,morbi non lectus,est lacinia nisi venenatis tristique fusce congue diam id ornare imperdiet sapien urna pretium,Marketing,,ImperdietSapien.xls,08/06/2018
,Phillie Langthorne,Shanahan LLC,plangthorne3o@odnoklassniki.ru,342-732-7147,ut erat id,orci luctus et ultrices posuere cubilia curae nulla dapibus dolor vel est donec odio justo sollicitudin,Web Design,,LigulaSuspendisse.pdf,01/05/2017
,Chuck Serck,"Jakubowski, Stracke and Kessler",cserck3p@paypal.com,473-767-8731,bibendum felis sed,ut suscipit a feugiat et eros vestibulum ac est lacinia nisi venenatis tristique fusce,Web Design,ut volutpat sapien arcu sed augue aliquam erat volutpat in congue etiam justo etiam pretium iaculis,VestibulumAnte.xls,20/08/2017
,Dell Broadberry,"Pfannerstill, Morar and Nolan",dbroadberry3q@bloglines.com,857-910-4927,nec nisi vulputate nonummy maecenas,luctus tincidunt nulla mollis molestie lorem quisque ut erat curabitur gravida nisi at nibh in hac,Architecture,cras non velit nec nisi vulputate nonummy maecenas tincidunt lacus at velit vivamus vel,LaciniaEratVestibulum.pdf,25/04/2017
,Mag Benne,Powlowski and Sons,mbenne3r@usa.gov,165-287-3734,duis bibendum,donec pharetra magna vestibulum aliquet ultrices erat tortor sollicitudin mi sit amet lobortis sapien sapien non mi,Marketing,condimentum id luctus nec molestie sed justo pellentesque viverra pede ac diam cras,Tellus.xls,06/02/2018
,Myrle Bowden,"Konopelski, Hodkiewicz and Doyle",mbowden3s@sciencedaily.com,664-742-8754,mauris morbi,velit nec nisi vulputate nonummy maecenas tincidunt lacus at velit,Architecture,odio odio elementum eu interdum eu tincidunt in leo maecenas pulvinar lobortis est phasellus,Sed.ppt,31/08/2017
,Rudolf Rooney,Moen Inc,rrooney3t@pinterest.com,142-612-6774,etiam vel augue vestibulum,sit amet consectetuer adipiscing elit proin risus praesent lectus vestibulum quam,Marketing,mi integer ac neque duis bibendum morbi non quam nec dui luctus rutrum nulla,PlateaDictumst.ppt,07/05/2018
,Maddie Lotze,Walter Inc,mlotze3u@cargocollective.com,977-300-3082,diam erat,ac est lacinia nisi venenatis tristique fusce congue diam id ornare imperdiet sapien urna pretium nisl ut volutpat sapien arcu,Architecture,est phasellus sit amet erat nulla tempus vivamus in felis eu sapien cursus vestibulum proin eu,PraesentBlanditNam.xls,26/04/2017
,Shari Lambart,Mraz LLC,slambart3v@wordpress.org,866-947-5234,in felis donec semper sapien,id luctus nec molestie sed justo pellentesque viverra pede ac diam cras pellentesque volutpat dui maecenas tristique est et tempus,Marketing,ut erat id mauris vulputate elementum nullam varius nulla facilisi cras non velit nec nisi vulputate nonummy maecenas tincidunt,EtiamJustoEtiam.xls,07/12/2016
,Thatch Beinke,Cummings Inc,tbeinke3w@artisteer.com,799-516-9333,quam suspendisse,mauris sit amet eros suspendisse accumsan tortor quis turpis sed ante vivamus tortor duis mattis egestas,Web Design,rutrum nulla tellus in sagittis dui vel nisl duis ac nibh fusce lacus purus aliquet at,Amet.ppt,26/11/2017
,Adan Deeney,Weissnat-Doyle,adeeney3x@wikia.com,202-827-1604,curabitur gravida nisi at,massa volutpat convallis morbi odio odio elementum eu interdum eu tincidunt in leo maecenas pulvinar lobortis est,Architecture,viverra eget congue eget semper rutrum nulla nunc purus phasellus in felis donec semper sapien,Lectus.ppt,21/07/2017
,Pierette Brownsea,"Rempel, Gottlieb and Bernier",pbrownsea3y@wisc.edu,302-943-7893,nisl duis bibendum felis sed,tortor duis mattis egestas metus aenean fermentum donec ut mauris eget massa tempor,Web Design,volutpat erat quisque erat eros viverra eget congue eget semper rutrum nulla nunc purus phasellus in felis donec,Dignissim.ppt,20/07/2017
,Lucienne Diss,Pfeffer Inc,ldiss3z@newyorker.com,602-480-3990,volutpat convallis morbi,eget tempus vel pede morbi porttitor lorem id ligula suspendisse,Architecture,,NullaUltricesAliquet.ppt,27/10/2017
,Mirabella Heddon,"McLaughlin, McClure and Rice",mheddon40@sbwire.com,475-456-7228,vestibulum rutrum rutrum neque,condimentum id luctus nec molestie sed justo pellentesque viverra pede ac,Marketing,nunc purus phasellus in felis donec semper sapien a libero nam dui proin leo odio porttitor id consequat in consequat,Eu.ppt,31/01/2018
,Ysabel Hawtry,"Swift, Aufderhar and Gutmann",yhawtry41@latimes.com,493-363-7731,erat volutpat in congue,dis parturient montes nascetur ridiculus mus vivamus vestibulum sagittis sapien cum,Architecture,,ConvallisEget.xls,12/07/2018
,Demetris Orrocks,"Connelly, McKenzie and Murazik",dorrocks42@ovh.net,368-582-3668,tincidunt lacus at,consequat in consequat ut nulla sed accumsan felis ut at dolor quis odio consequat varius,Marketing,duis bibendum felis sed interdum venenatis turpis enim blandit mi in porttitor pede justo eu massa donec dapibus,Parturient.ppt,22/12/2017
,Mallory Horsted,Satterfield-Lindgren,mhorsted43@google.com,137-586-6146,nisl ut volutpat sapien arcu,turpis integer aliquet massa id lobortis convallis tortor risus dapibus augue vel accumsan tellus,Architecture,,Pellentesque.xls,14/01/2017
,Julio Bernardez,"Bednar, Kling and Sporer",jbernardez44@ehow.com,252-191-3253,nulla ut erat id mauris,ornare consequat lectus in est risus auctor sed tristique in,Marketing,sapien arcu sed augue aliquam erat volutpat in congue etiam justo etiam pretium iaculis justo,Est.pdf,20/11/2017
,Guilbert Losbie,Gottlieb Inc,glosbie45@technorati.com,564-245-4588,dis parturient montes nascetur,et tempus semper est quam pharetra magna ac consequat metus sapien ut nunc vestibulum ante,Marketing,consectetuer adipiscing elit proin risus praesent lectus vestibulum quam sapien varius ut,PurusSitAmet.ppt,17/07/2018
,Chilton Abramski,"Brekke, Mills and Hagenes",cabramski46@businesswire.com,748-798-1222,semper rutrum nulla nunc,felis fusce posuere felis sed lacus morbi sem mauris laoreet ut rhoncus aliquet pulvinar sed nisl nunc rhoncus dui vel,Architecture,velit nec nisi vulputate nonummy maecenas tincidunt lacus at velit vivamus vel nulla eget eros elementum,Ipsum.xls,16/01/2018
,Rorke Brothers,Powlowski-DAmore,rbrothers47@chicagotribune.com,824-181-0080,lacus at turpis donec posuere,dui maecenas tristique est et tempus semper est quam pharetra magna,Architecture,felis fusce posuere felis sed lacus morbi sem mauris laoreet ut rhoncus aliquet pulvinar sed nisl nunc rhoncus,Mi.pdf,27/10/2017
,Zarah Yantsurev,Beer and Sons,zyantsurev48@tiny.cc,592-765-9384,donec posuere metus vitae ipsum,bibendum morbi non quam nec dui luctus rutrum nulla tellus in sagittis,Architecture,rhoncus aliquam lacus morbi quis tortor id nulla ultrices aliquet maecenas leo,Hac.ppt,23/10/2017
,Janelle Giggs,Raynor LLC,jgiggs49@earthlink.net,484-432-7697,blandit mi in porttitor,amet sem fusce consequat nulla nisl nunc nisl duis bibendum felis sed interdum venenatis turpis enim,Web Design,,EgetCongueEget.xls,11/02/2017
,Noah Marthen,Rath and Sons,nmarthen4a@dailymotion.com,965-962-1723,hendrerit at vulputate vitae nisl,sollicitudin mi sit amet lobortis sapien sapien non mi integer ac neque duis bibendum morbi,Architecture,nulla ut erat id mauris vulputate elementum nullam varius nulla facilisi cras non velit,VelAccumsan.ppt,04/05/2018
,David Breakey,Mitchell and Sons,dbreakey4b@goo.gl,262-669-5726,pellentesque viverra pede ac,aenean fermentum donec ut mauris eget massa tempor convallis nulla,Marketing,congue risus semper porta volutpat quam pede lobortis ligula sit amet eleifend,OrciLuctusEt.xls,05/04/2017
,Cleveland Dryburgh,"Considine, Glover and Moen",cdryburgh4c@lycos.com,856-138-3096,quisque porta volutpat erat,duis ac nibh fusce lacus purus aliquet at feugiat non pretium quis lectus suspendisse potenti in eleifend quam,Architecture,diam vitae quam suspendisse potenti nullam porttitor lacus at turpis donec posuere metus vitae ipsum aliquam non mauris morbi,LoremVitae.pdf,07/12/2017
,Rubetta Laverty,"Kling, Schuster and Predovic",rlaverty4d@bbc.co.uk,858-981-5202,ipsum dolor sit amet,nunc vestibulum ante ipsum primis in faucibus orci luctus et ultrices posuere cubilia curae mauris viverra diam vitae quam suspendisse,Architecture,,LigulaSuspendisseOrnare.pdf,22/10/2016
,Zulema Gummoe,Ebert LLC,zgummoe4e@seesaa.net,327-486-5671,quis orci nullam,adipiscing elit proin risus praesent lectus vestibulum quam sapien varius ut,Architecture,gravida nisi at nibh in hac habitasse platea dictumst aliquam augue quam sollicitudin vitae consectetuer eget rutrum at lorem integer,LectusInEst.ppt,09/05/2018
,Blair Lie,Schmeler and Sons,blie4f@nature.com,772-404-6108,justo aliquam quis turpis,at nibh in hac habitasse platea dictumst aliquam augue quam sollicitudin vitae consectetuer,Architecture,amet sem fusce consequat nulla nisl nunc nisl duis bibendum felis sed interdum venenatis,Enim.pdf,28/12/2017
,Min Solomonides,Reichert LLC,msolomonides4g@vistaprint.com,904-646-8941,sed tincidunt,dolor morbi vel lectus in quam fringilla rhoncus mauris enim,Marketing,ultrices posuere cubilia curae nulla dapibus dolor vel est donec odio justo sollicitudin,OrnareConsequat.xls,04/10/2017
,Norri Isacoff,Anderson LLC,nisacoff4h@de.vu,636-541-2864,mi sit amet lobortis,ut nunc vestibulum ante ipsum primis in faucibus orci luctus,Marketing,vestibulum quam sapien varius ut blandit non interdum in ante vestibulum ante ipsum,IdTurpisInteger.ppt,26/08/2017
,Daphene Caplan,"Lowe, Keebler and Altenwerth",dcaplan4i@fastcompany.com,747-689-9087,consequat morbi,primis in faucibus orci luctus et ultrices posuere cubilia curae mauris viverra diam vitae quam suspendisse potenti nullam porttitor,Marketing,habitasse platea dictumst aliquam augue quam sollicitudin vitae consectetuer eget,Pulvinar.doc,19/11/2016
,Jesse Pomfrett,VonRueden-Runolfsdottir,jpomfrett4j@time.com,749-980-8803,mattis nibh,nisl nunc nisl duis bibendum felis sed interdum venenatis turpis,Architecture,ligula nec sem duis aliquam convallis nunc proin at turpis a pede posuere,CuraeNulla.xls,26/08/2017
,Teresita Mawne,Morar Inc,tmawne4k@craigslist.org,814-735-1679,nec euismod,morbi vestibulum velit id pretium iaculis diam erat fermentum justo nec condimentum neque sapien placerat ante nulla justo aliquam quis,Marketing,in hac habitasse platea dictumst etiam faucibus cursus urna ut tellus nulla,LiberoConvallis.ppt,12/04/2018
,Betsey Flintoft,Hyatt Group,bflintoft4l@ted.com,447-424-5131,nulla mollis molestie lorem,nullam varius nulla facilisi cras non velit nec nisi vulputate nonummy,Marketing,urna ut tellus nulla ut erat id mauris vulputate elementum nullam,NecEuismodScelerisque.xls,26/04/2017
,Daphne Inott,Sporer-Ebert,dinott4m@about.com,400-811-1338,luctus cum sociis natoque,quam pharetra magna ac consequat metus sapien ut nunc vestibulum ante ipsum primis in faucibus,Web Design,quis turpis sed ante vivamus tortor duis mattis egestas metus aenean,CumSociisNatoque.ppt,14/07/2018
,Misha Danhel,Harris-Fadel,mdanhel4n@issuu.com,157-322-5134,libero convallis eget eleifend,aliquam non mauris morbi non lectus aliquam sit amet diam in magna,Web Design,venenatis turpis enim blandit mi in porttitor pede justo eu massa donec dapibus duis at velit eu,UtErat.xls,01/02/2017
,Delmar Dusting,Huels Inc,ddusting4o@elpais.com,611-976-7293,eget eros elementum pellentesque,est quam pharetra magna ac consequat metus sapien ut nunc vestibulum ante ipsum primis in faucibus orci luctus et,Architecture,,CrasPellentesqueVolutpat.pdf,17/11/2016
,Alick De Blasio,"Hayes, Farrell and Renner",ade4p@spiegel.de,658-607-0053,amet eros,molestie nibh in lectus pellentesque at nulla suspendisse potenti cras in purus,Marketing,nullam molestie nibh in lectus pellentesque at nulla suspendisse potenti cras in purus,Erat.ppt,01/10/2017
,Ramsay Bamsey,"Reynolds, OKon and Stehr",rbamsey4q@nydailynews.com,378-739-3331,in quam fringilla,quis turpis sed ante vivamus tortor duis mattis egestas metus aenean fermentum donec ut mauris,Web Design,libero convallis eget eleifend luctus ultricies eu nibh quisque id justo sit amet,Nisi.xls,15/03/2017
,Em Thurley,Erdman-Haag,ethurley4r@opera.com,859-633-8219,platea dictumst aliquam augue,ac leo pellentesque ultrices mattis odio donec vitae nisi nam ultrices libero non mattis pulvinar nulla pede,Marketing,sed augue aliquam erat volutpat in congue etiam justo etiam pretium iaculis,NislNunc.pdf,26/04/2017
,Teodor Dobrowski,Gottlieb-Williamson,tdobrowski4s@disqus.com,925-630-3375,sodales scelerisque,lacinia sapien quis libero nullam sit amet turpis elementum ligula,Marketing,eu est congue elementum in hac habitasse platea dictumst morbi vestibulum,Non.xls,27/07/2017
,Jarrid Steiner,"Rosenbaum, Lehner and Dare",jsteiner4t@unc.edu,562-509-7694,lorem integer tincidunt,pharetra magna vestibulum aliquet ultrices erat tortor sollicitudin mi sit amet lobortis,Web Design,habitasse platea dictumst etiam faucibus cursus urna ut tellus nulla ut erat id,MassaDonecDapibus.doc,07/01/2017
,Tobiah Dyhouse,Wehner Group,tdyhouse4u@weather.com,576-186-1607,elementum ligula vehicula consequat morbi,rhoncus sed vestibulum sit amet cursus id turpis integer aliquet massa id lobortis convallis tortor risus dapibus augue vel,Architecture,venenatis turpis enim blandit mi in porttitor pede justo eu massa donec dapibus,NisiEu.xls,15/03/2017
,Leshia Jaze,Maggio-Cremin,ljaze4v@washingtonpost.com,459-628-0563,massa volutpat,pretium iaculis justo in hac habitasse platea dictumst etiam faucibus cursus urna ut tellus nulla ut erat id,Architecture,,Cubilia.ppt,30/08/2018
,Daisey Keitch,Fritsch Group,dkeitch4w@sciencedaily.com,199-210-6585,lacinia aenean sit amet justo,placerat praesent blandit nam nulla integer pede justo lacinia eget tincidunt eget tempus,Web Design,nisl ut volutpat sapien arcu sed augue aliquam erat volutpat in,Suspendisse.xls,10/09/2017
,Berkeley Kleinerman,Conroy-Mraz,bkleinerman4x@elpais.com,525-886-1022,ultrices posuere,volutpat dui maecenas tristique est et tempus semper est quam,Marketing,,LoremIdLigula.xls,07/06/2018
,Gael Broose,Langosh Inc,gbroose4y@issuu.com,288-440-6209,faucibus orci luctus et,montes nascetur ridiculus mus vivamus vestibulum sagittis sapien cum sociis natoque,Marketing,volutpat convallis morbi odio odio elementum eu interdum eu tincidunt in leo,VelPede.ppt,17/06/2017
,Graig Jephcote,"Yost, Aufderhar and DuBuque",gjephcote4z@techcrunch.com,754-876-2107,ultrices phasellus id sapien in,posuere cubilia curae donec pharetra magna vestibulum aliquet ultrices erat tortor sollicitudin mi sit amet lobortis sapien sapien,Web Design,nisi at nibh in hac habitasse platea dictumst aliquam augue quam sollicitudin vitae consectetuer eget,Curabitur.ppt,19/03/2018
,Ardella Rawstorn,Kub-MacGyver,arawstorn50@netvibes.com,317-449-5552,sit amet,morbi sem mauris laoreet ut rhoncus aliquet pulvinar sed nisl nunc rhoncus dui vel,Architecture,,TurpisInteger.xls,08/06/2018
,Denny Pugsley,"Kuphal, Stiedemann and Kirlin",dpugsley51@live.com,680-813-4051,sagittis nam congue risus semper,elementum eu interdum eu tincidunt in leo maecenas pulvinar lobortis est phasellus sit amet erat,Architecture,ipsum primis in faucibus orci luctus et ultrices posuere cubilia curae,MaurisLacinia.xls,05/02/2018
,Joye Gery,Altenwerth-Hirthe,jgery52@apple.com,773-145-4874,sit amet sem fusce,nulla sed accumsan felis ut at dolor quis odio consequat varius integer ac leo pellentesque ultrices mattis odio donec,Marketing,tristique in tempus sit amet sem fusce consequat nulla nisl nunc nisl duis bibendum felis sed interdum venenatis,SemperRutrum.xls,27/10/2017
,Babette Bompas,Collier-Schuppe,bbompas53@dyndns.org,525-832-0674,vel ipsum praesent blandit,nisi eu orci mauris lacinia sapien quis libero nullam sit,Web Design,feugiat non pretium quis lectus suspendisse potenti in eleifend quam a odio in,VulputateNonummyMaecenas.xls,13/04/2017
,Berty Karim,"Bartoletti, Gutkowski and Orn",bkarim54@gizmodo.com,654-721-5116,luctus et,pulvinar sed nisl nunc rhoncus dui vel sem sed sagittis nam congue,Architecture,tortor duis mattis egestas metus aenean fermentum donec ut mauris,DolorSitAmet.ppt,02/09/2018
,Oralee Alderman,Shanahan LLC,oalderman55@1688.com,817-994-2538,primis in faucibus,sit amet eros suspendisse accumsan tortor quis turpis sed ante vivamus,Marketing,ut tellus nulla ut erat id mauris vulputate elementum nullam varius nulla facilisi,RhoncusAliquetPulvinar.ppt,10/09/2017
,Danya MacFadin,Daugherty-Douglas,dmacfadin56@addthis.com,286-930-6343,mi integer ac neque,nulla facilisi cras non velit nec nisi vulputate nonummy maecenas tincidunt lacus at velit vivamus vel nulla eget,Web Design,lorem quisque ut erat curabitur gravida nisi at nibh in hac habitasse platea,OrciPedeVenenatis.ppt,10/06/2018
,Natalie Bleackly,"Marks, Bernier and OReilly",nbleackly57@odnoklassniki.ru,775-455-7990,at turpis donec posuere metus,in sapien iaculis congue vivamus metus arcu adipiscing molestie hendrerit,Web Design,adipiscing elit proin interdum mauris non ligula pellentesque ultrices phasellus id sapien in sapien,DuisBibendumFelis.xls,05/04/2017
,Carissa Hambright,"Wiza, Blick and Tromp",chambright58@ed.gov,867-202-1708,metus aenean fermentum donec ut,nulla ac enim in tempor turpis nec euismod scelerisque quam turpis adipiscing lorem vitae mattis nibh ligula nec sem duis,Web Design,eros viverra eget congue eget semper rutrum nulla nunc purus,DiamErat.pdf,03/04/2017
,Sile Roches,Murphy Group,sroches59@dot.gov,455-604-6697,viverra eget congue,diam vitae quam suspendisse potenti nullam porttitor lacus at turpis donec posuere metus vitae ipsum aliquam non mauris morbi,Marketing,,SuscipitLigulaIn.ppt,15/01/2018
,Blayne Andreopolos,Hagenes-Towne,bandreopolos5a@prlog.org,732-113-2497,duis bibendum morbi non quam,libero nullam sit amet turpis elementum ligula vehicula consequat morbi a ipsum integer,Web Design,,MorbiNon.xls,04/11/2016
,Wendy Birchill,"Marquardt, Hilll and Greenholt",wbirchill5b@twitpic.com,401-601-8109,scelerisque quam turpis adipiscing lorem,in est risus auctor sed tristique in tempus sit amet sem fusce consequat nulla nisl nunc,Architecture,mattis nibh ligula nec sem duis aliquam convallis nunc proin at turpis a pede posuere nonummy integer non velit donec,NecNisi.ppt,20/11/2017
,Fania Readett,Treutel and Sons,freadett5c@imdb.com,414-438-4421,volutpat dui maecenas tristique est,adipiscing elit proin interdum mauris non ligula pellentesque ultrices phasellus id,Architecture,pede justo eu massa donec dapibus duis at velit eu est congue elementum in,Accumsan.ppt,29/07/2018
,Jervis Songust,Hayes and Sons,jsongust5d@nhs.uk,162-340-0987,id mauris vulputate elementum,augue quam sollicitudin vitae consectetuer eget rutrum at lorem integer tincidunt ante vel ipsum praesent,Architecture,,Elementum.xls,17/02/2018
,Harlan Ghiotto,Johns LLC,hghiotto5e@nbcnews.com,194-603-6036,libero quis,accumsan felis ut at dolor quis odio consequat varius integer ac leo pellentesque ultrices mattis odio donec vitae nisi nam,Web Design,risus semper porta volutpat quam pede lobortis ligula sit amet eleifend pede libero,VitaeConsectetuer.ppt,24/04/2018
,Marney Smurfitt,Wilkinson LLC,msmurfitt5f@oaic.gov.au,870-751-9987,mattis nibh ligula,magna at nunc commodo placerat praesent blandit nam nulla integer pede justo lacinia,Web Design,sapien iaculis congue vivamus metus arcu adipiscing molestie hendrerit at vulputate vitae,Sem.xls,25/06/2017
,Stacee Aiers,"Erdman, Gaylord and Thompson",saiers5g@comcast.net,211-903-3862,odio cras,eu tincidunt in leo maecenas pulvinar lobortis est phasellus sit amet erat nulla tempus vivamus in,Architecture,sapien quis libero nullam sit amet turpis elementum ligula vehicula consequat morbi a ipsum,Etiam.xls,15/09/2017
,Lou Dockrey,Ortiz Inc,ldockrey5h@vistaprint.com,397-718-8589,id justo sit amet,luctus et ultrices posuere cubilia curae donec pharetra magna vestibulum aliquet ultrices erat,Architecture,blandit lacinia erat vestibulum sed magna at nunc commodo placerat praesent blandit nam nulla integer pede,NullaSedVel.xls,23/11/2017
,Murdock Chillistone,Kunze LLC,mchillistone5i@usgs.gov,525-946-7695,quisque porta volutpat erat,lorem integer tincidunt ante vel ipsum praesent blandit lacinia erat vestibulum sed magna at nunc commodo placerat praesent blandit nam,Architecture,magna bibendum imperdiet nullam orci pede venenatis non sodales sed tincidunt,LacusMorbiSem.xls,15/08/2017
,Gerrie Haughin,Koch Inc,ghaughin5j@ucoz.com,986-690-7046,ultrices posuere cubilia curae,sit amet diam in magna bibendum imperdiet nullam orci pede venenatis non sodales sed tincidunt,Marketing,mi nulla ac enim in tempor turpis nec euismod scelerisque quam turpis,Nibh.xls,14/07/2017
,Gabe MacWhirter,"OKeefe, Douglas and Padberg",gmacwhirter5k@cocolog-nifty.com,344-468-0438,dignissim vestibulum,sit amet nunc viverra dapibus nulla suscipit ligula in lacus curabitur at ipsum,Web Design,nibh ligula nec sem duis aliquam convallis nunc proin at turpis a pede posuere nonummy integer non velit donec,Praesent.xls,08/10/2018
,Lynda Mayworth,"Bogisich, Bartell and Larson",lmayworth5l@dailymail.co.uk,498-310-8089,id nulla,turpis adipiscing lorem vitae mattis nibh ligula nec sem duis aliquam convallis nunc,Marketing,sollicitudin ut suscipit a feugiat et eros vestibulum ac est,IntegerAcLeo.xls,23/07/2018
,Chantalle Turner,"Stracke, Stehr and Boehm",cturner5m@vinaora.com,447-430-3179,lacus morbi sem,ante vestibulum ante ipsum primis in faucibus orci luctus et ultrices posuere cubilia curae,Architecture,in felis eu sapien cursus vestibulum proin eu mi nulla ac,MiSitAmet.ppt,14/10/2016
,Ruttger Immins,Veum-Smith,rimmins5n@1688.com,325-332-4136,condimentum id,in sapien iaculis congue vivamus metus arcu adipiscing molestie hendrerit at vulputate vitae nisl,Web Design,aenean auctor gravida sem praesent id massa id nisl venenatis lacinia aenean sit amet justo morbi ut,Scelerisque.xls,19/06/2017
,Ferd Bowstead,Hagenes-Thiel,fbowstead5o@opera.com,571-318-3687,sollicitudin vitae consectetuer,mattis egestas metus aenean fermentum donec ut mauris eget massa tempor convallis nulla neque,Marketing,posuere felis sed lacus morbi sem mauris laoreet ut rhoncus aliquet pulvinar sed nisl nunc rhoncus dui vel,AcDiam.pdf,10/02/2017
,Daria Pheby,OHara and Sons,dpheby5p@mediafire.com,153-278-2703,suspendisse accumsan tortor,cras in purus eu magna vulputate luctus cum sociis natoque penatibus et magnis dis parturient montes nascetur ridiculus,Marketing,amet justo morbi ut odio cras mi pede malesuada in imperdiet et commodo vulputate,Ante.xls,19/03/2018
,Scarlett Crippen,Ondricka-Dibbert,scrippen5q@dedecms.com,496-767-5977,magnis dis,morbi quis tortor id nulla ultrices aliquet maecenas leo odio,Marketing,sed nisl nunc rhoncus dui vel sem sed sagittis nam congue risus semper porta volutpat quam pede lobortis ligula sit,IaculisCongue.ppt,14/08/2017
,Marion Juares,"Turner, Bashirian and Nienow",mjuares5r@psu.edu,353-240-0187,eget eleifend,sollicitudin vitae consectetuer eget rutrum at lorem integer tincidunt ante vel ipsum praesent blandit,Web Design,,Ante.xls,01/05/2018
,Ariella Ramos,"Schaefer, Keebler and Mertz",aramos5s@exblog.jp,146-106-2760,mauris non ligula pellentesque,congue vivamus metus arcu adipiscing molestie hendrerit at vulputate vitae nisl aenean lectus pellentesque eget nunc donec quis,Web Design,,Pretium.xls,23/11/2017
,Gilbert Lightbowne,"Murazik, King and Schuppe",glightbowne5t@theatlantic.com,890-690-3525,placerat ante nulla justo,consectetuer eget rutrum at lorem integer tincidunt ante vel ipsum praesent blandit lacinia erat vestibulum sed magna at nunc commodo,Architecture,convallis eget eleifend luctus ultricies eu nibh quisque id justo sit amet sapien dignissim vestibulum vestibulum,PedeLobortisLigula.ppt,03/05/2018
,Giorgi Jillett,Sanford LLC,gjillett5u@cargocollective.com,871-549-1075,lectus suspendisse potenti,eleifend donec ut dolor morbi vel lectus in quam fringilla rhoncus mauris enim leo rhoncus sed vestibulum sit,Web Design,vehicula condimentum curabitur in libero ut massa volutpat convallis morbi,Enim.ppt,04/08/2018
,Odille Gadsby,"Stamm, Braun and Carroll",ogadsby5v@infoseek.co.jp,151-958-2521,id mauris vulputate elementum,ligula in lacus curabitur at ipsum ac tellus semper interdum mauris ullamcorper purus sit amet nulla quisque,Marketing,,SitAmet.xls,19/08/2018
,Linnet Pote,Bradtke-Nikolaus,lpote5w@icio.us,879-868-6247,lacinia sapien quis libero,vel accumsan tellus nisi eu orci mauris lacinia sapien quis libero nullam sit amet turpis elementum,Web Design,accumsan felis ut at dolor quis odio consequat varius integer ac leo pellentesque ultrices mattis odio donec vitae nisi,MattisOdio.ppt,18/04/2018
,Erny Doig,Reilly-Waters,edoig5x@multiply.com,275-666-8114,pharetra magna,est donec odio justo sollicitudin ut suscipit a feugiat et eros vestibulum ac est,Web Design,,TristiqueEst.xls,20/02/2017
,Cecilia Wardhaugh,Hintz-Murray,cwardhaugh5y@desdev.cn,949-490-5769,nulla sed,primis in faucibus orci luctus et ultrices posuere cubilia curae nulla dapibus dolor vel est donec odio,Web Design,sed sagittis nam congue risus semper porta volutpat quam pede lobortis ligula sit amet eleifend pede libero quis orci,A.doc,24/07/2017
,Ermina Mimmack,"Mosciski, Orn and Zboncak",emimmack5z@123-reg.co.uk,221-948-8162,mauris morbi non,non mattis pulvinar nulla pede ullamcorper augue a suscipit nulla elit ac,Architecture,sit amet cursus id turpis integer aliquet massa id lobortis convallis,Faucibus.xls,05/11/2017
,Martie Geal,"Collier, Runolfsdottir and Simonis",mgeal60@tamu.edu,766-486-6896,lorem ipsum dolor sit,odio donec vitae nisi nam ultrices libero non mattis pulvinar nulla pede ullamcorper augue a,Marketing,nascetur ridiculus mus etiam vel augue vestibulum rutrum rutrum neque aenean auctor gravida sem,FaucibusOrci.xls,11/02/2018
,Siward Stelle,"Waters, Strosin and Smitham",sstelle61@sina.com.cn,263-243-9266,sit amet consectetuer adipiscing,sed magna at nunc commodo placerat praesent blandit nam nulla integer pede justo lacinia eget tincidunt,Marketing,vel pede morbi porttitor lorem id ligula suspendisse ornare consequat lectus in est risus auctor sed tristique,Pellentesque.ppt,05/11/2017
,Quintilla Brennon,"DAmore, Wuckert and Russel",qbrennon62@wunderground.com,468-294-9312,accumsan tellus nisi eu orci,est quam pharetra magna ac consequat metus sapien ut nunc,Marketing,lectus pellentesque eget nunc donec quis orci eget orci vehicula condimentum curabitur,UtEratId.xls,11/01/2017
,Crin Reightley,Balistreri-Frami,creightley63@webeden.co.uk,480-704-3265,lobortis est,nulla mollis molestie lorem quisque ut erat curabitur gravida nisi at nibh in hac,Architecture,felis ut at dolor quis odio consequat varius integer ac leo pellentesque ultrices mattis odio,PellentesqueViverra.ppt,05/08/2018
,Karla Steptowe,Kohler Inc,ksteptowe64@reddit.com,658-512-6321,luctus et ultrices posuere,rutrum at lorem integer tincidunt ante vel ipsum praesent blandit lacinia erat vestibulum sed magna at nunc,Architecture,feugiat et eros vestibulum ac est lacinia nisi venenatis tristique fusce congue diam id ornare imperdiet sapien urna pretium,IdNulla.xls,06/01/2018
,Minnie Blase,"Bins, Christiansen and Russel",mblase65@army.mil,327-640-0013,eu mi,eleifend pede libero quis orci nullam molestie nibh in lectus pellentesque at nulla suspendisse potenti cras,Marketing,id massa id nisl venenatis lacinia aenean sit amet justo morbi ut,InFaucibusOrci.ppt,12/09/2017
,Rosamund Stepney,Nader Inc,rstepney66@dagondesign.com,986-556-3500,dui nec nisi volutpat eleifend,ante ipsum primis in faucibus orci luctus et ultrices posuere cubilia curae nulla dapibus dolor,Architecture,ut odio cras mi pede malesuada in imperdiet et commodo vulputate justo in blandit ultrices enim lorem,MaurisSit.ppt,21/04/2018
,Torrey Trank,Feeney-Watsica,ttrank67@google.pl,419-320-9994,dolor morbi vel lectus in,eros suspendisse accumsan tortor quis turpis sed ante vivamus tortor duis mattis egestas metus aenean fermentum donec ut mauris,Architecture,lorem integer tincidunt ante vel ipsum praesent blandit lacinia erat vestibulum sed magna at nunc commodo placerat praesent blandit nam,AmetCursusId.ppt,15/11/2017
,Vilma Towhey,Hamill and Sons,vtowhey68@xing.com,673-969-8600,nulla facilisi cras non,luctus et ultrices posuere cubilia curae duis faucibus accumsan odio curabitur convallis duis consequat dui nec nisi volutpat eleifend donec,Architecture,,CubiliaCurae.ppt,01/07/2017
,Antoni Chimes,Bashirian Group,achimes69@facebook.com,783-321-6404,eget tempus vel pede,odio donec vitae nisi nam ultrices libero non mattis pulvinar nulla,Architecture,,AtTurpis.xls,08/04/2018
,Kim Rodgerson,"Heaney, Grady and Kemmer",krodgerson6a@de.vu,969-228-2573,eu mi nulla ac enim,consequat varius integer ac leo pellentesque ultrices mattis odio donec vitae nisi nam ultrices libero non mattis pulvinar nulla pede,Architecture,lorem quisque ut erat curabitur gravida nisi at nibh in hac habitasse platea dictumst aliquam augue quam,VitaeMattis.ppt,15/05/2017
,Karlik Haw,Lakin and Sons,khaw6b@nymag.com,667-233-0700,donec diam neque,maecenas rhoncus aliquam lacus morbi quis tortor id nulla ultrices,Web Design,eros viverra eget congue eget semper rutrum nulla nunc purus phasellus in felis donec semper,Ipsum.ppt,09/11/2016
,Padriac Hearns,"Kshlerin, Feil and Kiehn",phearns6c@newyorker.com,555-399-9125,habitasse platea dictumst maecenas,sollicitudin vitae consectetuer eget rutrum at lorem integer tincidunt ante vel,Web Design,eros vestibulum ac est lacinia nisi venenatis tristique fusce congue,NonMaurisMorbi.ppt,06/09/2018
,Tommie Chiplen,Rolfson Inc,tchiplen6d@time.com,886-192-4092,nec nisi,nulla pede ullamcorper augue a suscipit nulla elit ac nulla sed vel enim sit amet nunc viverra dapibus nulla suscipit,Architecture,praesent blandit nam nulla integer pede justo lacinia eget tincidunt eget,TurpisNec.ppt,12/01/2018
,Rupert Merrick,Carter-Gulgowski,rmerrick6e@weather.com,172-427-8454,magna ac consequat,posuere cubilia curae nulla dapibus dolor vel est donec odio justo sollicitudin ut suscipit a,Web Design,id nisl venenatis lacinia aenean sit amet justo morbi ut odio cras mi,Rhoncus.ppt,10/01/2018
,Evin Kislingbury,"Volkman, Runolfsson and Beahan",ekislingbury6f@blogtalkradio.com,134-154-6434,integer ac leo,magna at nunc commodo placerat praesent blandit nam nulla integer pede justo lacinia eget tincidunt eget tempus vel pede morbi,Marketing,sollicitudin vitae consectetuer eget rutrum at lorem integer tincidunt ante vel ipsum praesent,LeoOdio.xls,12/07/2017
,Hester Viel,Kunze-Reinger,hviel6g@smugmug.com,213-431-4960,platea dictumst,morbi non quam nec dui luctus rutrum nulla tellus in sagittis dui vel nisl duis ac nibh fusce lacus,Marketing,eu massa donec dapibus duis at velit eu est congue elementum,AmetJustoMorbi.ppt,01/12/2017
,Patience Janoschek,"Bailey, Wisozk and Parker",pjanoschek6h@addthis.com,521-638-5304,nascetur ridiculus mus etiam,maecenas tincidunt lacus at velit vivamus vel nulla eget eros elementum pellentesque quisque porta volutpat erat quisque erat,Marketing,rutrum nulla tellus in sagittis dui vel nisl duis ac nibh fusce lacus purus,AcTellus.xls,26/12/2016
,Lane Crawshaw,Mertz Group,lcrawshaw6i@bloglines.com,528-144-7625,ultrices erat tortor sollicitudin mi,tempor convallis nulla neque libero convallis eget eleifend luctus ultricies eu nibh,Web Design,faucibus orci luctus et ultrices posuere cubilia curae mauris viverra diam,PraesentBlanditNam.ppt,18/01/2018
,Franny Skirving,Harvey Inc,fskirving6j@weebly.com,145-138-0715,morbi ut,convallis duis consequat dui nec nisi volutpat eleifend donec ut dolor,Architecture,,Nisi.xls,31/03/2017
,Tedra Huey,"Rosenbaum, Williamson and Tillman",thuey6k@last.fm,313-284-8234,pellentesque volutpat dui maecenas,augue a suscipit nulla elit ac nulla sed vel enim sit amet nunc,Architecture,ac nulla sed vel enim sit amet nunc viverra dapibus nulla suscipit ligula in lacus curabitur at,InConsequatUt.doc,05/01/2018
,Myrle Costley,"Hilpert, Rolfson and Schmidt",mcostley6l@blinklist.com,641-898-4468,luctus et,ipsum praesent blandit lacinia erat vestibulum sed magna at nunc commodo placerat praesent blandit,Architecture,quam nec dui luctus rutrum nulla tellus in sagittis dui vel,BibendumImperdietNullam.ppt,25/01/2018
,Timofei Bluck,"Dare, Cassin and Kreiger",tbluck6m@alibaba.com,128-318-5567,diam erat,sed magna at nunc commodo placerat praesent blandit nam nulla integer pede justo lacinia eget,Web Design,est lacinia nisi venenatis tristique fusce congue diam id ornare imperdiet sapien urna pretium nisl ut,MorbiOdio.ppt,10/04/2018
,Woody Taylour,Gibson-Blanda,wtaylour6n@baidu.com,521-995-4899,rhoncus aliquet pulvinar sed,mollis molestie lorem quisque ut erat curabitur gravida nisi at nibh in hac habitasse platea dictumst,Web Design,quis lectus suspendisse potenti in eleifend quam a odio in hac habitasse platea dictumst maecenas ut massa quis,Donec.pdf,17/07/2017