email,password
pisakson0@nydailynews.com,jgoAwuVlSO
dbonny1@joomla.org,ovvBhp
mkeppin2@rakuten.co.jp,Cq9mGsDGDL
sboseley3@gravatar.com,fY6Volz6
rtaft4@reddit.com,UutA1rB
ntriner5@timesonline.co.uk,ocNyWh
jlunk6@npr.org,pXHVTrz
cweatherby7@intel.com,ddBWoz25G
rcluitt8@omniture.com,aYJFSmzkVd
ateffrey9@sfgate.com,a4QIyd
aheskeya@yellowbook.com,33sGRM
jbalesb@mapquest.com,OdqlkiUEZvZP
bcatoc@angelfire.com,7FOQY2j6r
kfraanchyonokd@bandcamp.com,ngrjm3UPcyw
llatteye@ameblo.jp,Dj9yZPBvwLH
mminigof@ovh.net,XBbP5mOvd
cdrezzerg@facebook.com,ZqRsgDXZs2xn
kvallentinh@sfgate.com,t44Y6oo0XrS
dwillowsi@cargocollective.com,vmJSvUk9C
fgoodenoughj@noaa.gov,xYR7Op
hmallyak@state.tx.us,2lVs5uGG
cthirskl@dot.gov,J5mrlZT
shudspithm@un.org,srBuHRTZly4t
hmorln@independent.co.uk,ihxvUkh
lchessumo@bloglines.com,AzJMFoDwo
shudlessp@weibo.com,Y1896VXuImS
rquantrellq@fc2.com,drfjyWayBDp
swarhamr@bigcartel.com,fKIWozee0Nn
rovenells@gizmodo.com,M3ITze
elewcockt@stanford.edu,h4W4w2Jb
inorthcliffeu@sourceforge.net,Y8Nv43k
wtuckiev@gov.uk,6RvnAl4DWZNu
mlefebrew@yahoo.co.jp,HIejYx
cconnellx@engadget.com,3chtc0ksYua
rclemenceauy@usda.gov,vxMMIlt
rtichnerz@dagondesign.com,LjGQLE3YM
smansour10@toplist.cz,Gr1Ffk
ltickle11@theglobeandmail.com,aU5pvSPA
nhutchins12@ucoz.ru,y19I8jTP
lveltman13@nsw.gov.au,5QHYpgV5x5lI
esteljes14@surveymonkey.com,65iFBY
tzaniolo15@whitehouse.gov,R8h3UbHAo
mescalero16@woothemes.com,Z1aJDeG
bjevons17@pagesperso-orange.fr,i4KXsTM2r
mondrak18@list-manage.com,BcZEwI
btremmil19@fema.gov,EbshUg
sbrogi1a@miitbeian.gov.cn,0Jb4tOIHdnb3
gmicallef1b@freewebs.com,F6yQZvwU
rfearney1c@china.com.cn,mbmN2Wocwz0r